mergesort3_1000000_unsorted_times,mergesort3_1000000_reversed_times,mergesort3_1000000_nearly_sorted_times,mergesort3_1000000_sorted_times,mergesort3_100_unsorted_times,mergesort3_100_reversed_times,mergesort3_100_nearly_sorted_times,mergesort3_100_sorted_times,mergesort3_100000_unsorted_times,mergesort3_100000_reversed_times,mergesort3_100000_nearly_sorted_times,mergesort3_100000_sorted_times,mergesort2_100_unsorted_times,mergesort2_100_reversed_times,mergesort2_100_nearly_sorted_times,mergesort2_100_sorted_times,mergesort3_10000_unsorted_times,mergesort3_10000_reversed_times,mergesort3_10000_nearly_sorted_times,mergesort3_10000_sorted_times,mergesort4_100000_unsorted_times,mergesort4_100000_reversed_times,mergesort4_100000_nearly_sorted_times,mergesort4_100000_sorted_times,mergesort1_1000_unsorted_times,mergesort1_1000_reversed_times,mergesort1_1000_nearly_sorted_times,mergesort1_1000_sorted_times,mergesort4_10000_unsorted_times,mergesort4_10000_reversed_times,mergesort4_10000_nearly_sorted_times,mergesort4_10000_sorted_times,mergesort3_10_unsorted_times,mergesort3_10_reversed_times,mergesort3_10_nearly_sorted_times,mergesort3_10_sorted_times,mergesort1_10_unsorted_times,mergesort1_10_reversed_times,mergesort1_10_nearly_sorted_times,mergesort1_10_sorted_times,mergesort1_100_unsorted_times,mergesort1_100_reversed_times,mergesort1_100_nearly_sorted_times,mergesort1_100_sorted_times,mergesort2_10000_unsorted_times,mergesort2_10000_reversed_times,mergesort2_10000_nearly_sorted_times,mergesort2_10000_sorted_times,mergesort1_100000_unsorted_times,mergesort1_100000_reversed_times,mergesort1_100000_nearly_sorted_times,mergesort1_100000_sorted_times,mergesort2_100000_unsorted_times,mergesort2_100000_reversed_times,mergesort2_100000_nearly_sorted_times,mergesort2_100000_sorted_times,mergesort4_100_unsorted_times,mergesort4_100_reversed_times,mergesort4_100_nearly_sorted_times,mergesort4_100_sorted_times,mergesort4_10_unsorted_times,mergesort4_10_reversed_times,mergesort4_10_nearly_sorted_times,mergesort4_10_sorted_times,mergesort4_1000_unsorted_times,mergesort4_1000_reversed_times,mergesort4_1000_nearly_sorted_times,mergesort4_1000_sorted_times,mergesort1_10000_unsorted_times,mergesort1_10000_reversed_times,mergesort1_10000_nearly_sorted_times,mergesort1_10000_sorted_times,mergesort2_1000000_unsorted_times,mergesort2_1000000_reversed_times,mergesort2_1000000_nearly_sorted_times,mergesort2_1000000_sorted_times,mergesort1_1000000_unsorted_times,mergesort1_1000000_reversed_times,mergesort1_1000000_nearly_sorted_times,mergesort1_1000000_sorted_times,mergesort2_10_unsorted_times,mergesort2_10_reversed_times,mergesort2_10_nearly_sorted_times,mergesort2_10_sorted_times,mergesort4_1000000_unsorted_times,mergesort4_1000000_reversed_times,mergesort4_1000000_nearly_sorted_times,mergesort4_1000000_sorted_times,mergesort2_1000_unsorted_times,mergesort2_1000_reversed_times,mergesort2_1000_nearly_sorted_times,mergesort2_1000_sorted_times,mergesort3_1000_unsorted_times,mergesort3_1000_reversed_times,mergesort3_1000_nearly_sorted_times,mergesort3_1000_sorted_times
141565046,132827300,189600368,139330868,25587,16161,21498,16480,13610033,13186640,18097685,13882922,19016,18578,21425,12425,1301082,1234202,1604005,1321238,3839531,3502204,8845808,3633310,281872,200065,226784,183782,321116,331468,734603,339002,13499,5118,2463,2137,17172,11068,10832,10246,122242,18153,20128,17723,1296445,1431581,1687384,1321396,19256254,20072840,29003636,19604648,13837433,13404042,18436423,13883757,3577,3340,5330,3334,602,433,411,263,38406,28381,53863,28324,1938377,1891515,2261109,2101568,146227373,136937877,195308964,145179631,200928581,194680686,249692836,201890871,3509,1921,2033,1762,44628502,40212588,106716999,45564239,189648,132142,164191,121511,175982,123361,147651,122112
139217330,128760896,186414301,138348806,16224,15699,18621,16044,13271615,12743035,17611158,13384986,16512,17553,20130,11520,1249805,1301439,1605138,1396797,3747363,3559767,9446195,3793711,284821,202853,228906,178361,320354,345498,727890,335504,1844,1791,1754,4525,10180,10127,9714,32422,111259,16795,19074,16757,1324319,1419302,1691953,1471744,18446742,18868625,22372413,18812587,13077586,13009507,18373324,13649390,3072,2865,4560,3044,332,254,257,208,37705,32323,52257,27896,1970701,2017893,2225180,1867433,143739804,133503197,191409063,144732544,198703239,193856233,247372094,198597376,1622,1556,1566,1449,43820036,40163880,105406498,45150573,188522,126979,163321,120170,163982,114260,158098,121838
139231660,129249858,187072698,138244683,15985,15365,18413,15979,13237334,12498933,16935333,12856262,16818,17681,20326,11466,1278482,1258784,1585953,1234763,3472323,3487321,8808739,3633812,305424,197724,222312,177734,318776,333657,735566,333467,1695,1646,1775,1626,9153,9822,9237,7986,164604,16721,18674,16650,1292890,1401547,1717916,1302536,18496442,18473193,22373917,18300147,13106457,12969545,18008083,13205079,3031,2837,4258,2968,238,216,272,220,37579,27717,50474,27852,2010762,1916344,2189805,1887308,142544836,134279566,191374405,144125774,198026890,192424034,246851512,198318663,1496,1458,1586,1474,44184567,39140376,104669622,44243095,187724,121588,163032,131207,163449,117780,156252,117468
137673595,130343772,186016059,136886912,16055,15354,18162,15771,12796469,12177502,16887835,12659689,18530,17871,20418,11322,1205925,1272136,1700766,1203505,3641313,3593428,8384809,3619735,315689,200917,223553,177656,319685,329776,733259,351951,1680,1751,1771,4013,9361,9913,9215,7538,85924,16731,18678,16807,1308174,1363963,1652032,1255990,18370754,18362818,22492964,18380175,13190881,12648465,17311744,13053905,2956,2836,4327,2964,209,200,245,208,37685,27641,49601,27850,1952576,1966198,2176418,1813909,143498691,134911784,191975860,144269193,197753353,193968363,245275718,197149468,1474,1509,1561,1537,44589646,41201829,105493401,44648337,187990,122582,157928,126834,164014,113177,155589,117978
138532987,130629633,185990543,136779381,15904,15355,18266,16004,13065192,12201542,17026716,12391305,17046,17802,20565,11303,1297508,1322867,1652004,1208556,3653669,3571241,8566372,3621090,322982,195383,218079,179512,322973,330554,725573,429122,1614,1580,1688,1668,8981,9620,9653,7402,82804,16587,18479,16679,1276761,1335793,1703270,1294560,18293767,18249698,22472950,18284754,13136052,13105136,17342375,13097689,2923,2828,4235,3007,207,199,246,219,37623,27220,51849,27820,1876681,1821964,2328193,1822264,144425023,135064995,191721548,144456450,198855854,193298699,246387443,197499613,1450,1453,1572,1509,44047391,39643142,104620417,43999909,192686,120769,148267,128845,165866,112459,154766,117328
138695438,130327540,185647692,137564320,15914,15342,18160,16034,12671701,12360784,17226520,12316244,17414,18079,20253,11270,1209639,1350498,1578531,1229711,3644927,3492407,8543147,3634486,325324,198019,217543,174580,322571,330630,712750,428461,1690,1652,1695,1666,9369,9746,9444,7347,89825,16674,18521,16738,1246362,1261860,1655110,1372828,18141482,18394918,22644439,18557865,13225045,12770815,17403292,13154410,2930,2833,4175,2951,208,201,251,211,37621,27305,49821,27584,1964000,1960385,2324062,1925731,142710584,134855794,192178202,144381962,198301365,191981989,246994041,197180362,1461,1445,1498,1453,43432852,40844266,104788518,44123370,189002,120478,147178,117777,164606,115382,155797,126201
139198337,130162506,185423674,138868812,15801,15274,18247,15952,12787745,12824741,17213212,12384580,17234,17934,20474,11139,1258806,1184928,1607712,1239575,3449305,3486928,8402770,3632003,332014,198917,217086,174196,321633,331664,720004,349040,1596,1675,6960,15244,8738,9688,17439,7549,82367,16664,18345,16663,1241201,1248422,1616562,1248419,18385491,18464786,22612099,18141054,13113347,12875783,17245359,13108311,2922,2850,4158,2949,209,198,238,209,37630,27268,48971,32115,1928724,1904581,2309770,1973242,143442243,134662758,193181032,144251427,199511399,193122064,246456146,198920431,1443,1507,1515,1425,44519075,39704438,105580131,44497508,189467,120618,147342,123687,163270,114371,153747,123775
139400501,130147742,190725241,138753874,15857,15385,18108,15914,13002478,12457959,16930263,12804363,17244,17949,20172,11203,1307098,1276856,1598164,1288263,3464194,3310239,8742432,3547809,354465,198864,216409,174147,319626,329264,724971,333481,1593,1563,1749,1950,8860,9715,9194,7350,82051,16511,18381,16620,1264397,1332544,1626178,1245236,18364502,18509781,22858494,18318455,12906888,12464462,17398628,12944357,2920,2834,4132,2938,210,201,228,208,37633,27238,49285,27563,1893538,1960034,2224563,2011108,142948276,133197708,192276698,143639613,197665116,193995233,246153901,197282374,1395,1453,1450,1414,43403895,40478692,105824046,44269813,189566,143142,146669,125778,163799,116026,154406,124873
138840590,129699748,187019299,136471023,15916,15250,18346,15749,12801494,12432325,16974669,12861404,17871,18018,20441,11126,1273979,1219164,1572504,1220400,3457067,3309963,8613526,3438004,436370,201101,219019,173554,314002,329662,729630,330795,1562,1691,1680,1238,8210,9421,9045,7256,81873,16558,18299,16601,1252286,1336566,1710804,1341419,18417237,18377369,22677435,18205814,13097579,12325812,16997808,13291972,2930,2833,4154,2947,210,200,229,215,37606,27315,48886,27731,1845498,1943307,2253155,1884416,144820381,133629660,191388574,144267513,196193471,192919430,248172849,198058044,1413,1485,1504,1486,44668622,39674988,104391759,43695214,189476,143176,146544,126432,163708,115181,153665,123986
138381648,131015033,185934430,137982332,15860,15434,18379,16000,12863103,12154278,16813022,12325720,18022,18053,20648,11161,1273483,1236416,1575252,1275808,3436646,3304618,8350212,3490960,400199,193590,215696,174005,314320,330181,729803,332832,1614,1573,4107,1202,8871,9801,117083,7223,82804,16596,18249,16614,1246128,1377948,1644567,1323275,18329592,18528247,22604287,18435070,12887016,12510041,17509447,13063631,2959,2830,4122,2930,207,198,227,207,37619,27619,48855,27758,1880939,1932670,2222617,1868712,144020413,134686767,191556559,143319691,197250179,191963773,246120794,197722484,1403,1429,1502,1443,44532044,39822553,105052169,43485279,190896,142500,146337,125981,163869,115340,152879,124932
138043212,128739926,186533184,136776987,16019,15268,18341,15789,13022253,12126390,17016431,12512781,18121,17801,20301,11279,1253156,1307256,1673625,1310283,3440082,3330461,8708894,3442331,405343,194628,216335,175134,320680,331126,720049,333264,1622,1692,1708,1428,8512,9664,18106,7213,82309,16658,18218,16623,1295077,1275365,1618131,1249838,18474520,18289652,22786741,18502005,13007762,12958525,17505226,13046376,2922,2826,4134,2932,208,201,210,206,37626,27298,48685,27678,1794409,1808639,2125809,1919329,142707192,133873481,191552588,144928465,199490058,193948496,248872688,197831355,1429,1475,1490,1496,44108759,39678245,104451264,44215697,190730,131567,146626,125877,165724,115315,155110,125001
139036336,129557760,188425101,138578705,16245,15425,18305,15853,12862756,12489859,16896085,13214364,18086,17857,20457,11229,1307848,1290185,1606131,1224122,3625982,3334014,8429147,3433240,428621,195239,216409,171922,319631,328589,715158,333996,1645,1556,1686,1358,8329,9874,8290,7229,84160,16669,18190,16582,1319507,1269638,1680596,1360079,18369203,18419883,22262561,18233805,12808700,12691013,17216926,13410720,2925,2825,4116,2924,222,198,209,211,37626,27340,48299,27464,1821127,1809320,2188882,1804065,144656527,134440331,192667419,144804721,198648618,193760933,246905992,198718325,1427,1435,1493,1448,44250895,39392955,105469517,43556564,187841,133817,143468,125982,164164,115828,148162,124531
138280009,129037165,186718633,136789933,16076,15405,18407,15899,12310807,12180259,16816424,12655116,18188,17609,20460,11227,1245909,1227590,1594583,1201400,3434951,3370717,8389247,3449289,432754,196554,216822,170884,317847,331102,724710,335676,1568,1649,1708,1366,8792,9538,7855,7281,81811,16646,18188,16525,1270294,1392931,1723951,1314233,18219239,18285719,22621508,18491602,12940552,12551627,17336277,13130218,2934,2836,4139,2932,209,197,210,217,37612,27334,48249,27441,1720038,1766347,2192402,1781831,142805694,133593251,191534586,142812331,197607962,193096602,247628746,196990386,1390,1524,1504,1457,43987789,39345384,106165602,43427059,188201,132173,143560,128812,164555,115188,148585,124193
139562197,130346050,185317400,137138859,16140,15311,18388,16040,12360547,12172648,16697268,12740646,18134,17883,20362,11278,1302429,1184974,1590820,1307558,3436091,3314148,8434020,3460323,480557,197032,200592,172040,318708,330553,721766,331906,1572,1611,1626,1362,8168,9699,7583,7219,99761,16615,18093,16588,1336241,1300227,1635788,1250643,18411676,18373354,22350916,18129160,12941611,12789206,17260518,13307530,2919,2821,4126,2933,215,202,209,208,37604,27314,48363,27730,1752269,1792930,2238412,1792824,143452461,133947757,191288087,143106493,197153308,193101282,247234318,197946847,1411,1410,1506,1464,45280696,39910298,104959964,44896890,187919,131718,143502,136682,164291,119962,148733,119784
137730577,128406402,185562227,138285909,16309,15306,18401,15938,12391620,12134635,17239890,12760752,18232,17747,20454,11171,1295852,1192854,1516997,1301188,3463961,3351593,8543654,3449799,482092,192452,196334,172194,316483,334666,720049,331294,1586,1633,1693,1363,8275,9395,7517,7230,84014,16610,18178,16565,1270707,1431891,1619886,1353341,18439013,18331556,22496683,18196130,13328249,13350190,17161083,13078669,2917,2825,4156,2936,208,200,209,212,37615,27286,48242,27396,1781877,1944120,2145367,1905749,143242793,133709213,192327890,142829110,197492857,193515286,247060701,196947694,1415,1456,1498,1440,43831245,39595198,105303857,44277952,350277,137156,142571,134931,164369,138680,147941,112774
137229750,128858771,185372361,138326875,16454,15338,18363,15861,12283192,13006355,17243452,12578109,18059,17898,20461,11219,1317017,1229732,1567115,1259814,3641099,3589288,8510396,3461804,447228,194139,195561,171983,331294,334955,727170,331826,1567,1612,1696,1351,8026,9585,7617,7221,83593,16632,18240,16624,1275374,1292807,1641949,1359123,18350233,18397664,22429899,18234678,13073436,12899660,17435598,13284603,2936,2827,4132,2934,207,199,209,208,37626,27313,47916,27796,1799885,1900013,2098953,1882875,143268718,134262854,192642774,142932385,196806486,193694029,246640722,198389074,1393,1446,1486,1468,43920959,39265334,105211647,44339898,270392,136377,143001,134127,164084,134881,150199,113268
138244159,129346054,186800300,138023467,16400,15309,18394,15822,12454403,13262521,17075472,12553120,18082,17753,20587,11227,1328307,1194644,1492965,1268798,3714509,3499891,8380837,3465426,424459,193106,196532,175824,318580,335917,859563,328400,1624,1591,1713,1351,8461,9732,7619,7254,83299,16722,18133,16521,1265908,1275219,1712412,1251533,18312420,18174848,22615696,18140554,13199638,12921551,17051697,13324547,2911,2828,4124,2937,207,201,211,211,37622,31655,48476,27478,1768016,1837336,2265685,1815580,142777453,134797283,192465313,142924286,198699570,192116503,246809320,197832904,1362,1464,1501,1449,43660311,39444152,105032460,44212298,268740,135043,142397,134893,166526,135522,143602,112575
140300577,130824136,185449718,136920937,16140,15337,18428,15915,12329226,12239243,17522885,12514327,17963,17964,20404,11170,1212581,1200241,1504269,1181780,3759259,3314831,8386135,3432950,396072,193768,197028,173314,316754,327100,847338,330324,1586,1625,1657,1364,8633,10007,7551,7300,83383,16582,18285,16703,1334865,1265113,1661788,1279293,18244046,18582253,22814226,18412115,13243654,13008537,17726283,13527530,2922,2834,4115,2964,208,201,208,208,37609,27195,48162,27840,1863237,1785592,2131926,1744377,142971167,134875273,192078150,143188259,196752409,192930324,248219770,197607551,1474,1460,1547,1472,43306090,39967503,105017815,44370030,297731,131244,146803,133621,165051,135362,143429,112348
138114920,131605073,185837592,136444986,16184,15315,18386,15926,13106804,12235643,16738459,12609126,17958,17487,20475,11238,1353209,1182088,1609720,1163295,3466606,3619761,8913679,3489267,378092,197959,210011,173670,318142,326793,851102,329812,1562,1659,1718,1353,8148,9680,7507,7202,83494,16706,18230,16601,1428139,1418135,1627506,1351126,18293141,18406117,22696871,18231713,13171626,12663429,17306418,13243654,2916,2833,4125,2934,212,214,210,212,37602,27172,48108,27820,1721534,1841880,2128975,1837793,143733972,134566290,191848339,143785601,198860246,192766976,246186808,199136112,1411,1487,1503,1456,43877240,39755047,105908640,45673157,270527,129428,147661,136626,163623,129377,142989,112492
138295093,128892134,184756470,137257872,16107,15350,18402,15913,12528224,12213624,16872144,12597480,18155,17723,20263,11192,1255782,1204459,1599212,1266556,3617861,3342558,8378099,3542144,389654,196898,206669,173868,319740,325280,795226,327835,1599,1679,1719,1342,8665,9688,7495,7213,83624,16620,18236,16549,1313414,1408167,1605165,1182574,18101289,18792840,22404802,18290778,13036850,12341699,17757763,12825251,2922,2833,4120,2932,207,198,208,209,37625,27285,47714,27563,1741123,1761598,2138635,1772201,142802876,133884768,192341092,144928694,197894034,191539161,248014440,198028235,1391,1439,1488,1486,43806801,39649649,104659760,45199791,282611,128150,146141,134687,163828,130710,144662,111892
138158634,129858125,186692577,138149539,16176,15342,18340,15919,12352557,12206735,17412580,12576194,18004,17555,20462,11185,1164693,1213844,1563731,1183216,3434073,3572970,8669875,3452860,412652,195810,208383,174140,314958,331470,716994,329548,1601,1561,1696,1351,8743,15498,7575,7270,83188,16651,18248,16578,1328346,1384170,1530576,1211173,18378218,18507712,22533445,17876512,13110016,12801013,17451940,13053614,2953,2829,4124,2941,210,198,210,211,37626,27292,47836,27826,1816418,1834542,2094037,1830082,144010907,135609587,192474973,143547048,197190910,192863531,246813638,198156155,1438,1504,1460,1476,44486672,39859961,105035732,43529837,251447,127214,147049,122966,163265,129605,145422,112476
138712080,129668864,185166652,136943630,16330,15287,18339,15861,12357780,12759321,16962858,12390411,18391,17663,20162,11186,1141141,1212079,1533894,1199671,3520229,3304840,8398887,3454945,348563,195969,207338,174081,317783,332285,715572,330776,1577,1612,1731,1335,9172,10086,7535,7199,83094,16609,18209,16509,1419106,1236241,1561528,1206244,18029860,18582250,22331992,18116652,12918892,12566928,17452795,13063105,2949,2830,4117,2927,208,199,209,208,37620,30004,47877,27527,1725189,1800982,2071711,1753552,145115927,134487373,191661205,143934104,200007669,193706478,246162880,198053551,1432,1436,1487,1485,44476157,40536894,105868729,45246149,206000,130115,146812,115618,163292,144486,144675,113459
137907388,130816355,184934927,137288960,16406,15366,18130,15886,12596791,12410011,16633525,12636104,18266,17565,20292,11170,1157512,1228739,1486924,1261579,3602297,3297826,8386272,3427794,327478,195916,209721,199918,319369,330024,728912,332762,1570,1658,1746,1336,8964,9656,7508,7239,83786,16620,18285,16444,1252784,1289322,1540609,1187514,18390792,18396166,22642907,18381305,13075494,12964450,17215039,13115834,2936,2826,4137,2940,208,198,213,211,37609,27424,47729,27770,1745717,1742573,2102514,1727662,142877360,134950088,192611891,142335751,197770157,191808383,245232645,198412583,1417,1503,1507,1545,44695256,39170300,105230466,43917015,235022,114077,146165,115601,165457,142184,148202,114935
138558139,129404920,186459027,136662036,16340,15304,18377,16067,12507149,12429726,17817682,12881102,18127,17416,20347,11228,1176814,1158040,1507720,1244595,3470413,3313820,8822180,3426643,305600,195410,223703,199711,323042,330844,728426,329355,1548,1722,1750,1357,8806,9679,7509,7308,83295,16648,18220,16458,1187327,1248907,1544683,1201948,18557584,18603204,22379704,18408741,13126826,12596538,17525457,12823534,2939,2823,4148,2943,208,199,209,208,37609,27635,47586,27584,1740159,1723541,2171052,1852224,143113710,134411771,191852403,142183728,197437783,193086049,247903266,200273633,1417,1430,1532,1423,44156956,39431574,106304179,43798554,201127,115181,145805,115400,164415,142597,145913,121733
136293077,129859773,184231968,136999393,16391,15356,18432,15969,12593738,12112902,16774010,12518807,18022,17963,20454,11126,1166141,1126675,1669561,1196783,3440020,3300933,8735142,3427296,303179,174371,224725,199610,349739,327275,714239,333634,1557,1543,1707,1350,9190,9313,7502,7243,83224,16693,18314,16482,1236276,1299553,1558264,1181005,18515962,18689917,22726542,18214408,13032865,12595016,17113215,12898081,2919,2821,4118,2943,207,199,208,211,37621,27477,47449,27769,1908090,1848971,2138378,1721789,143807556,134697982,191133703,143582448,197206862,191505834,248753842,198052131,1441,1413,1467,1501,43805144,39532861,104270983,44304121,201263,113996,146320,115791,164240,130257,144722,121643
138704517,129900391,185129531,138189600,16165,15495,18360,15927,12522692,11913848,17420267,12833923,18299,17958,20230,11138,1216635,1136118,1563055,1303783,3442784,3303474,8448476,3506106,293180,174188,222492,198979,339650,327264,714970,333187,1570,1705,1697,1364,9245,9606,7535,7167,92279,16584,18261,16436,1362320,1230513,1591448,1186840,18323408,18503013,22653678,18348826,12935826,12885080,17637466,13027054,2915,2824,4117,2931,208,198,212,208,39996,27567,48829,27646,1804878,1907769,2070546,1726239,142999559,134840645,191754082,143316962,196614240,191828564,246804211,198895733,1408,1488,1476,1456,44149900,39374552,104796197,44771616,201308,114376,142398,116199,164559,127815,145618,121704
137350973,128402007,185019764,137444498,16263,15496,18357,15974,12640136,12277128,16981296,12869436,18221,17815,20332,11168,1150392,1132308,1513732,1180469,3669479,3314274,8375697,3602506,292181,174641,219066,198683,328043,328722,719783,329209,1621,1656,1799,1337,8793,9283,7473,7219,82850,16716,18238,16376,1309821,1224671,1639710,1323322,18702124,18327207,22705288,18278368,12856288,12706290,17240361,13130981,2911,2827,4119,2966,209,198,208,212,37617,27400,46844,27622,1897559,1728313,2098556,1762329,142884665,135056152,191964268,143336458,199515151,192922130,246555485,198020954,1421,1510,1528,1463,45534665,40122818,105275573,44012784,201102,113688,142734,116187,164444,129325,144554,122769
140668654,130099529,186409736,137651627,16205,15266,18345,15968,12449636,12874713,16868986,12448467,18181,17911,20671,11169,1149970,1270098,1545536,1134596,3437725,3307753,8390479,3772888,290414,173320,223477,179870,325431,327495,721562,373214,1545,1622,1711,1341,8995,9846,7537,7192,82106,16670,18299,16380,1315452,1406721,1554421,1313078,18372594,18587060,22855117,18140854,13147577,12919854,17419784,13063268,2912,2829,4110,2953,208,199,208,209,37631,27560,46816,27420,1827263,1986669,2182238,1796635,143040469,134053180,192749982,143561942,197931217,192467254,248044414,198652848,1458,1486,1501,1482,44300639,39646634,105120606,44953021,202419,114269,143431,116181,164265,129604,146426,121903
137009460,130174850,184886219,137441332,16149,15539,18117,15853,12316355,12866720,16932964,12465822,17934,18095,20287,11177,1215077,1160042,1529467,1150224,3474591,3417320,8449992,3556791,290670,173462,222700,176276,318190,327759,716441,377657,1609,1639,1727,1362,9011,9601,7487,7185,82021,16588,18295,16488,1215167,1365963,1614534,1207014,18243320,18708409,22399739,18319921,13092243,12647882,17403847,13157496,2912,2830,4135,2948,208,198,212,211,37618,27332,46678,27800,1781365,1932903,2184088,1841932,143459921,134311354,191642412,143142618,198295272,192913088,248241162,198150734,1388,1496,1590,1508,44467848,40465990,104806044,43508413,201686,114654,144565,118521,165543,129898,146294,121906
138741314,127769856,185071586,137875513,16111,15263,18352,15978,12729199,12124307,17116524,12875997,18177,17832,20292,11174,1290556,1225371,1606344,1200644,3441876,3306383,8559018,3602496,307875,175441,223652,176545,318087,329208,719660,380463,1591,1624,1734,1566,9140,9426,7666,7280,81726,16626,18323,16445,1205158,1199206,1729041,1345861,18230475,18464905,22603373,18309102,13137563,12728566,17182148,12899575,2919,2834,4141,2938,209,199,210,209,37632,27454,47480,27538,1771357,1809558,2090696,1857771,143233298,134141683,191708984,144192305,197063517,193186479,246425470,198148923,1376,1452,1451,1452,43843981,40869258,105916926,43585962,201273,114104,143420,116475,164956,124944,149331,122026
137755868,128436141,184170896,137994178,16293,15551,18371,15838,12624986,12192126,16924581,12607588,17993,17532,20411,11171,1235613,1172956,1623475,1227010,3583147,3311434,8424938,3602433,289517,171534,223475,176092,317288,326599,719835,385242,1567,1614,1809,1334,19744,9275,7537,7209,82429,16703,18228,16586,1216393,1231687,1575793,1244709,18323922,18597145,22656897,18294683,12942598,12860772,17595641,13130254,2923,2831,4140,2949,207,198,209,211,37620,27411,47379,27687,1809716,1782535,2139450,1777071,143603457,133640704,191649962,143448537,200406409,193330754,245944874,199179275,1417,1437,1494,1515,43429826,39888469,104893500,45122177,200682,116000,143117,117074,164494,118748,158844,130549
138447577,130541832,185069178,137661072,16359,15596,18401,15954,12391847,12049604,17116998,13181933,18217,17532,20642,11127,1206484,1130904,1507656,1211166,3464149,3390438,8525352,3432748,289247,171554,219516,176003,319235,326545,716052,356665,1576,1645,1737,1355,9094,9438,7517,7230,82062,16638,18225,16415,1292738,1169342,1662856,1229293,18593655,18378771,22372231,18108776,12787219,12599277,17289938,12810749,2927,2829,4127,2964,208,199,212,209,37608,27441,47127,27526,1758152,1752507,2240949,1819767,142986183,133251885,192534174,142488146,197838452,194195464,247209141,197139160,1476,1442,1523,1451,43725389,39521049,106414949,44974440,200682,114352,144537,116549,169465,118777,159088,120214
136858347,131261184,185450548,139342381,16393,15398,18315,15793,13036026,12211898,17596643,12393563,18319,17265,20312,11175,1157501,1130235,1525244,1213797,3426107,3433241,8570764,3439754,289900,172119,199911,177538,332796,364156,727852,333184,1590,1600,1748,1338,8990,9296,7514,7226,82352,16563,18349,16430,1203590,1237822,1601900,1306438,18301769,18374968,22358088,18309884,12881996,12715333,17481904,13126616,2924,2826,4137,2927,208,198,209,212,37608,27476,47045,27748,1840284,1797901,2047375,1747431,143494681,133808233,191769409,142478920,197326013,194196610,246657954,196932645,1381,1417,1477,1547,43940367,41099722,104624708,45258420,202925,114193,143287,116415,168849,117580,159482,118718
138382069,129552468,184866825,138400898,16266,15365,18376,15844,12591356,12448563,17784113,12319050,18169,18091,21966,11157,1225262,1140545,1488970,1176177,3441353,3334579,8539360,3458566,282420,171301,199934,173748,321265,383344,720968,336288,1588,1601,1792,1382,8846,9785,7493,7231,82756,16625,18311,16517,1268900,1201205,1584139,1182121,18237179,18264171,22628493,18367921,13057357,12527409,17204823,13282293,2920,2834,4131,2944,207,199,209,207,37614,27483,46791,30180,1783401,1885371,2172393,1765810,142408304,133558391,192064478,144097596,198294500,194303992,244714983,197747606,1403,1493,1548,1437,44508537,40526189,105519486,44204339,200776,114659,142954,118477,169169,119132,159766,119973
138026046,128476836,185950453,137936816,16239,15296,18397,15973,12514474,12215226,16970299,12633476,18226,17741,20026,11144,1161485,1122349,1630381,1177134,3451280,3651662,8416458,3479591,280550,172111,199766,172694,322776,379025,714402,333687,1585,1712,1635,1373,9301,9459,7505,7188,82146,16483,18196,16544,1179171,1260532,1607287,1178692,18464636,18583312,22435793,18494813,13040804,12977375,17290750,13055666,2921,2824,4134,2932,210,198,210,211,37626,27561,47135,27743,1719819,1755993,2128041,1877726,143290909,133815354,192082488,143530316,198850479,194052621,246826709,198297262,1482,1426,1492,1496,43604609,39368536,104599459,44878596,206922,114637,142713,117709,170434,118617,159439,120212
138841550,129686235,185614257,139329337,16159,15324,18369,15832,12883470,12574283,17002433,12460988,17926,17668,20203,11147,1231749,1118502,1592735,1243791,3447878,3445350,8368589,3584690,282546,191715,199510,172714,315500,381582,711790,333370,1600,1658,1759,1374,8946,9337,7543,7231,82188,16554,18332,16567,1217031,1227339,1641220,1175253,18399230,18341511,22553699,18104752,13083247,12382823,17309751,13021923,2917,2822,4127,2936,208,199,208,209,37618,27315,46756,27740,1761656,1731332,2207201,1866426,142901073,132788458,192836941,142896329,196368958,192405346,246723561,197480806,1406,1513,1512,1448,45108281,39998164,106870118,44944630,211479,114660,142146,117357,168668,119175,161213,119571
138682064,129410490,184363140,138595913,16084,15313,18365,15938,12433904,13058524,16639328,12947122,17994,17639,20362,11162,1191334,1140670,1560533,1230199,3472119,3389265,8825782,3658101,279308,198599,203677,173101,318018,383658,714636,329950,1558,1682,1654,1340,9187,9652,7419,7246,84286,16682,18327,16437,1324852,1185525,1568405,1177673,18330034,18591330,22673468,18208784,13003480,12585808,17415015,12986529,2913,2826,4122,2947,209,199,210,211,37608,27454,46979,27461,1787935,1873792,2199528,1816882,142544672,133784893,192968230,142570129,197594428,193723948,247678381,198323979,1394,1395,1519,1455,44594027,40331813,104474949,44564895,232192,115059,142179,117571,169154,119307,138865,120173
137170163,128414596,185652299,138317330,20012,15409,18226,15742,12509619,12367761,16973563,12325810,18102,17477,20126,11214,1255962,1132911,1516774,1178537,3447516,3307856,8381606,3456925,279165,200045,222466,172859,327041,346796,710453,329726,1566,1715,1731,1357,9472,9503,7429,7179,90945,16599,18197,16520,1225108,1203770,1606219,1178413,18237171,18506076,22688467,18060566,13044651,12693763,17289985,12978319,2910,2828,4138,2961,209,199,208,208,37611,27520,46818,27459,1793662,1713424,2080953,1825618,143250950,134313151,191350443,143558076,198083876,193482027,245975874,197342176,1436,1481,1499,1472,43574194,39100170,104524874,44402434,216191,114798,142297,122694,168773,119585,138886,118641
137191061,130308853,187676941,139370342,16148,15332,18371,15782,12533794,12287807,17211172,12469678,18352,17667,20248,15175,1207579,1397983,1545294,1178350,3442576,3772876,8397603,3683690,279753,201523,222700,178171,321020,331088,713214,330941,1545,1654,1693,1339,9136,9301,7407,7162,85070,16636,18276,16427,1332207,1160961,1540910,1183559,18562531,18491974,22815317,18423336,12883398,12403513,17269452,12916666,2914,2830,4118,2941,208,199,212,213,37622,27544,46656,27749,1777211,1792353,2067919,1751196,143090688,134775279,191901774,142655293,197363403,192644617,251061606,195891789,1384,1497,1457,1533,45962628,39120823,106215150,43787766,201346,115270,144962,125240,170230,121873,138556,122288
137860375,129722976,186090176,138129555,16411,15334,18473,15967,12365987,13357298,16669578,12961439,17934,17494,20341,11641,1181490,1191446,1584745,1155534,3451549,3319799,8415389,3499785,280379,198948,223038,179436,316648,331305,715877,329336,1578,1667,1806,1371,9318,9498,7391,7188,83975,16717,18289,16622,1274157,1281746,1539849,1272435,18424355,18412696,22562015,17954211,12992115,12716431,17174034,13144169,2920,2832,4114,2933,207,199,209,217,37627,27446,45914,27460,1744662,1864102,2054924,1767605,143001774,134566437,191656026,144642077,197688300,192973475,245712010,198265246,1404,1416,1544,1416,44246799,39265914,105101519,44323660,201702,116657,142486,125232,169679,121892,139200,120966
138130236,128906537,185804486,138942327,16083,15452,18340,15800,12741645,12436130,16935194,13126199,18070,17600,20322,11726,1223600,1131759,1648273,1144454,3436317,3324322,8782527,3435225,280585,199717,223785,179335,330057,332010,715372,329122,1559,1723,1605,1338,9119,9273,7377,7247,84399,16544,18257,16490,1190157,1353486,1533042,1244171,18494229,18514780,22406047,18166998,13065408,12382392,17666594,13079619,2924,2832,4120,2946,208,199,208,209,37617,27444,46363,27665,1740092,1959289,2077311,1838511,143723290,133512488,191960771,143439505,198995913,193195399,248572005,198196220,1405,1425,1538,1509,43970910,40146107,104670584,43867972,201270,114327,142352,125342,169484,122019,138551,121140
137836583,130152809,184540488,138507307,16217,15349,18705,15804,12599506,12192758,17021002,12647022,18265,17858,20284,11595,1178418,1132403,1480905,1162000,3452813,3316480,8383514,3430443,281629,199320,220309,179421,319332,329148,722134,350426,1555,1616,1828,1534,9093,9507,7347,7190,84379,16580,18390,16535,1233583,1315065,1557899,1193024,18413849,18190909,22936276,18086169,13311955,12881542,17261325,13311078,2924,2828,4132,2929,208,198,212,212,37604,27576,46521,27675,1863889,1770495,2179437,1813900,143034575,135794314,191469661,143723182,197899020,193831252,246889137,197800204,1443,1415,1486,1468,45453600,40561750,104807883,43615304,202707,114842,141998,125125,170543,122581,138615,122146
137970969,128570309,185447046,138398269,16258,15338,18516,18105,12505953,12077407,17121426,13137219,18074,17851,20166,11681,1156841,1143202,1494805,1166348,3434265,3326627,8405721,3445563,283366,198067,214511,179794,314902,328835,705387,331592,1582,1726,1645,1343,9462,9480,7390,7267,84972,16660,18342,16486,1178584,1307024,1565625,1402165,18064923,18728212,22812966,18079512,13026130,12696653,17114657,13299361,2921,2827,4128,2927,208,199,209,208,37611,27398,46557,27644,1783877,1852161,2139681,1878981,143399905,134629408,192165015,143493902,198538098,193726970,246732206,196728821,1427,1447,1561,1470,44331551,39887818,105247561,44080268,200164,115185,142337,125498,175622,122406,138467,120650
138292247,129145856,185391684,138110638,16318,17706,18270,15867,12432030,12538035,17144465,12461701,18328,18101,20242,11635,1137906,1223615,1524937,1259059,3424813,3365112,8347653,3455603,284466,199726,215713,179319,313663,329848,708989,333282,1620,1710,1759,1354,9039,9811,7376,7200,84928,16560,18326,16484,1192676,1158009,1572923,1284535,18338774,18641774,22719088,18406961,12689011,12805867,17058731,13151391,2920,2829,4135,2941,209,198,208,212,37626,27373,46966,27456,1769465,1841617,2229236,1854784,143005746,134263013,192900516,142822790,198259943,192804228,246556841,197785459,1457,1401,1491,1466,44094717,39297549,104832920,44275038,200728,114538,142383,125060,176565,122528,140043,120355
137197700,131590620,185064615,137769021,15951,15424,20481,15855,12838298,12555435,16886283,12775565,18057,17504,19980,11641,1174528,1137534,1565552,1155725,3467967,3295444,8575274,3444779,284756,197716,218353,175184,317226,340298,712210,335441,1618,1689,1684,1348,9137,9509,7390,7150,85087,16588,18357,16548,1196679,1191560,1672274,1222615,18268433,18478873,22600966,18200817,13147972,12682719,17171778,13049281,2920,2824,4140,2943,208,198,212,209,37627,27370,46940,27655,1827591,1749643,2212018,1774508,143364909,135042087,191153441,142648841,198237287,193786748,246217551,198596579,1418,1423,1538,1498,43826610,39506780,104591772,43426183,200929,114869,142494,125266,179877,122303,139184,120902
139024882,130409970,185639200,139653108,16124,15368,18087,15953,12608701,12403183,17010728,12623190,18215,20466,20042,11733,1147433,1185231,1507140,1151427,3447693,3307487,8495019,3673365,282481,184278,219359,172225,315732,341723,675915,335584,1540,1701,1809,1346,9362,9649,7373,7189,84460,16688,19333,16526,1194288,1275536,1638270,1246641,18426201,18394226,22608204,18137378,13357756,12869169,17397777,13150638,2914,2822,4161,2944,208,199,209,212,37622,27545,46784,27498,1893061,1870665,2083878,1778410,143925948,133849598,192216705,143635525,199524864,193606835,246723155,198015348,1411,1465,1474,1440,44763991,39346289,104728089,43808826,200130,114666,143907,141215,178352,121332,139020,121135
137985885,128920084,184229935,136388080,16355,15376,18126,15975,12877926,12061437,16894949,12333873,18289,17823,20194,11520,1143453,1167349,1533978,1290010,3449094,3307451,8447215,3461802,283598,172168,218577,172172,314282,330734,678781,350863,1586,1657,1709,1360,9254,9970,7382,7201,84693,16614,17907,16580,1179442,1327598,1652225,1296880,18480106,19211476,22518518,18173226,13114118,12706441,17217733,13252070,2913,2823,4127,2962,208,198,209,208,37604,27477,48584,27727,1868336,1753441,2161618,1850387,143211248,134424745,191246297,142836862,197275641,193404362,246638854,197985602,1449,1445,1513,1493,43547039,40160391,105128722,44383974,202433,114526,142004,150252,169595,114844,138914,120657
138025794,128551385,185597822,137362779,16264,15312,18127,15823,12727808,12022685,16802714,12785898,18170,17874,20311,11534,1178575,1183320,1555592,1381665,3475707,3301582,8386815,3427141,307777,172945,216984,172574,318028,327976,675234,333833,1623,1699,1734,1372,9437,9720,7343,7214,84838,16660,17813,16527,1217713,1317568,1595131,1235065,18392682,18376970,22414863,18045250,12861918,12475638,17255328,12973517,2925,2826,4119,2951,207,198,213,212,37617,27572,45624,27459,1867485,1729660,2074925,1715186,142713264,135733761,193259560,143192074,198663658,192775731,246297011,197311620,1453,1493,1485,1461,44346652,40498883,105527380,44731747,201538,114311,142270,150436,167832,114350,139177,116767
137178023,129517892,185493582,137569233,16381,15310,18134,16006,12208633,12584983,17355079,12958226,18093,17553,20433,11583,1210829,1194457,1518046,1167106,3431054,3341016,8527138,3433764,179185,172426,218477,172499,330276,327342,676015,338280,1642,1693,1707,1354,9547,9701,7551,7155,93136,16730,17846,16495,1256979,1157127,1570089,1338768,18352467,18678847,22279057,18203263,12939347,12923209,17494443,13019876,2914,2827,4124,2952,208,199,209,209,37629,27364,45833,27739,1847788,1727849,2135182,1765195,142998391,134046283,192467323,142957051,197756901,194188641,246106260,197950591,1407,1387,1491,1508,45529206,40328747,104437752,43962720,201121,115074,142312,152158,168600,114067,139604,122879
139240268,128934724,186000203,137271545,16489,15407,18302,15845,12737981,12453585,16798755,13139506,18166,17760,20239,11499,1204039,1145839,1563482,1215396,3463542,3564668,8481189,3432911,178550,172471,217627,175034,319010,330353,671079,334806,1573,1775,1728,1344,8969,9626,7289,7180,87620,16782,17767,16477,1183614,1234510,1530299,1236409,18805086,18646498,22492190,18283167,13175584,12602968,17227762,13271047,2917,2828,4119,2948,208,199,209,212,37625,27356,45800,27454,1752851,1869777,2112408,1748369,143438063,134198162,191565874,143004980,198343933,192384617,245994127,195897427,1404,1444,1534,1465,43880028,40110762,104186927,43613236,201041,113498,142338,151527,169206,114805,139277,123826
136883160,129505452,185022030,136051550,16046,15330,18179,15966,12583212,12174464,16944176,12655910,18180,17774,20090,11504,1226440,1227852,1508378,1142711,3459403,3312905,8535606,3480412,177924,172136,209485,180103,320141,327956,680891,332995,1622,1596,1764,1336,8998,10100,7354,7154,82491,19637,17795,18016,1314507,1267708,1608604,1185277,18589298,18477980,22578992,18143118,12903219,12973891,17492147,12838895,2940,2833,4133,2948,208,199,212,209,37608,27425,45782,27657,1772541,1787482,2061129,1805003,143666799,132949769,192932008,143633677,196771739,192863244,246732815,198157546,1479,1448,1482,1498,45307765,39577907,105117477,44878846,201227,113495,142785,148780,168483,115157,142567,123545
138674017,128776827,185385743,137267501,16274,15328,18236,15866,12664084,12054837,17037558,12525202,21330,17767,19993,11513,1224791,1115153,1489103,1216891,3430988,3572384,8418144,3718734,176666,180261,195388,179793,316445,328512,681712,332891,1600,1714,1670,1373,9348,9847,7407,7115,82329,18924,17774,16309,1178385,1279026,1609769,1284422,18268524,18344484,22334594,18203301,13106341,12663814,17292653,13220948,2923,2836,4130,2937,208,198,209,211,39073,27522,45822,27648,1719764,1786810,2064826,1861686,143195700,135416457,192131754,143627929,197562467,192787241,247025880,199374763,1412,1408,1518,1518,44284313,39670352,106471916,44760727,229074,113260,142321,154268,170615,114235,141607,123956
137735636,131933435,184255634,138123630,16232,15450,18350,15886,12809679,12234774,17028796,12844905,18316,18068,20133,11475,1193244,1198637,1493559,1208887,3435456,3306415,8618175,3468950,180008,179595,196221,179609,319694,332384,675818,333310,1654,1633,1628,1338,9152,9516,7388,7141,82069,18351,17691,16376,1182959,1337958,1604693,1225523,18038620,18460250,22700963,18402294,12913973,12834878,17303441,13069850,2926,2831,4130,2928,209,199,207,209,37527,27468,45809,27275,1796115,1759078,2165340,1847660,143523677,135741393,198918770,143729471,197498176,196039281,246289868,197255119,1403,1457,1498,1466,44886407,39817615,105713058,43802956,117997,113454,143685,128139,168433,114294,142384,123499
136935953,133871948,187019016,138753577,16166,15608,18235,15840,12811476,12893876,17016561,12734449,18349,18004,20049,11501,1203287,1285973,1584173,1195670,3470294,3384745,8465521,3464837,173613,179343,196271,179287,327985,328605,681613,336508,1575,1711,1750,1339,9030,9821,7391,7239,82134,18704,17735,16371,1219895,1272273,1559125,1181049,18455409,18718611,22307089,18063065,12970704,12809243,17338785,12869842,2925,2828,4132,2929,209,199,212,212,37543,27504,45877,27461,1822888,1987072,2107519,1711911,143107258,134430619,194572227,143556327,198214577,192543387,245904901,196534970,1461,1435,1519,1423,44302809,39560433,105518499,43884388,118063,113123,142270,126953,169096,114514,141637,123934
137120217,131938527,186303304,136723030,16245,15337,18236,15884,12671429,12060154,16719507,12865544,18180,17969,20064,11535,1233141,1271540,1494978,1189796,3463691,3315107,8782277,3443524,174755,179185,195754,179392,327159,328014,673383,339626,1557,1787,1738,1358,9336,9640,7382,7082,81874,18775,17718,16418,1290449,1176959,1579022,1266411,18733107,18352541,22677754,18387531,13221940,13086867,17228772,13149963,2919,2824,4127,2942,209,199,209,209,37617,27357,46189,27614,1849212,1773626,2086818,1924236,143088936,134792793,193050059,143350339,197371795,192862119,247937039,196415502,1381,1480,1503,1485,44656566,39367236,104048252,44109543,117978,113016,141602,127055,168350,116234,142440,123981
136945714,130920360,186145154,136864594,16301,15590,18225,16031,12468782,11973688,16801734,12458489,18217,17813,20072,11465,1163792,1137546,1538425,1162976,3943617,3311998,8387288,3453439,173238,179048,206253,193289,329953,330266,693221,338689,1600,1672,1710,1514,9038,9547,7327,7216,81755,18652,17691,16349,1217615,1152945,1664001,1266845,18436832,18549324,22844737,18190917,12935837,12924664,17514535,13222335,2918,2834,4119,2947,209,199,208,212,37606,27480,45247,27464,1878859,1744209,2176413,1804148,143237407,133541739,192666438,142611071,197516908,195361637,246933580,198875464,1441,1413,1527,1434,44513083,39952665,105826566,43733447,117571,113393,141797,126867,168248,112606,141334,119191
137604925,129227956,184509758,138760508,16328,15288,18133,15970,12822745,12086679,16821683,12996758,18187,17828,20119,11545,1177612,1127879,1543179,1167438,3493359,3725758,8418873,3464514,174934,180070,217886,196934,318345,329847,683300,335207,1618,1716,1724,1334,9293,10053,7355,7233,81529,18308,17586,16368,1309075,1159840,1592500,1188357,18398007,18128838,22642870,18226684,12909200,12802564,17091711,12841615,2918,2820,4120,2948,208,199,211,209,37623,27344,45505,27596,1724389,1844853,2264832,1849582,143107870,133180753,193313242,142885873,198177074,193714696,245801344,198159569,1419,1400,1524,1442,43500597,40044030,105676896,43399975,117504,115859,141980,128249,167393,112765,141897,114504
137625838,129111697,185898788,137100329,16001,15450,18278,15973,12434734,12609115,17199967,12801097,18180,17800,20478,11495,1303491,1126978,1616403,1221399,3470956,3633829,8524631,3431034,176464,174750,218390,196758,320534,332005,677827,330177,1664,1681,1719,1339,9549,9857,7417,7148,81868,18636,17729,16356,1222787,1294403,1735478,1280120,18422359,18548163,22506133,18215496,13425478,12777941,17439666,13084371,2918,2826,4131,2939,208,199,208,212,37625,29420,45058,27467,1903127,1780641,2143236,1733827,143202395,134452444,193368851,143146054,197466644,194816357,246514138,198775251,1424,1501,1481,1519,44458861,39874216,103791669,44792056,116585,114557,142562,126837,174360,112147,140987,114109
137353971,128686872,189036720,137829906,16218,15317,18198,15919,12659775,12083166,17300302,12556057,18425,17854,20168,11457,1285621,1205372,1515741,1135241,3431783,3312497,8731027,3472710,195846,174810,217970,196321,319409,332491,667892,330607,1627,1668,1761,1340,9106,9469,7358,7137,81032,18739,17688,16458,1180689,1269960,1643967,1221117,18358437,18471644,22506682,18183781,12985396,12478201,17124533,13012731,2913,2827,4121,2938,208,199,209,208,37624,27357,46923,27616,1760958,1741494,2121293,1778500,142074356,134541356,193801566,144168132,196037962,193381826,247925518,197418584,1431,1438,1523,1440,44201892,39713187,104928115,44602519,118663,114299,142554,127779,164403,112355,138470,114332
139302387,129434078,184852411,138573938,16319,15368,18159,15824,13501615,12244320,16804892,12381171,18091,17806,20205,11516,1265660,1253914,1573496,1150706,3429068,3311612,8391172,3436097,195468,174541,218451,196293,320568,328752,682057,331051,1596,1726,1682,1358,8896,9623,7312,7231,81285,19010,17662,16438,1360542,1232678,1651429,1221725,18690693,18482581,22732728,18060383,13332917,12534767,17254300,12873558,2915,2832,4132,2939,208,199,212,211,37613,27457,45159,27262,1714085,1733384,2111700,1742830,143363604,133082779,193844382,143913381,197295612,194723890,247334411,199444645,1444,1453,1522,1486,43965505,39961784,104670698,43961557,123436,114707,142915,129857,164062,111979,138485,113469
138623961,129420628,184542644,137459392,16328,15408,18221,15844,12752221,12120241,17013425,12508430,18162,17949,20173,11514,1155340,1108032,1558421,1233579,3489629,3346113,8348338,3461485,194753,174645,220651,186844,324751,328230,679415,340498,1677,1678,1720,1347,9222,9830,7367,7165,90120,18724,17759,16432,1362501,1165125,1573585,1274962,18408431,18227839,22876049,18423986,12884921,12777888,17384936,12774206,2917,2832,4143,2947,208,198,208,209,37606,27439,45822,27269,1746870,1766352,2215815,1789554,143049376,134449628,192647663,144235005,198127827,193870396,246450889,197787736,1449,1456,1513,1473,44254232,40449950,105694100,43779594,120625,114528,141027,116540,163898,112406,138830,113811
140873700,129043963,184479819,137372729,16274,15636,18176,15917,13129733,12892677,17067805,12565296,18276,17972,20344,11485,1178922,1125296,1580143,1146577,3435775,3471425,8431671,3448390,196619,174441,219002,171997,318908,330175,680451,344647,1598,1663,1710,1336,9174,9594,7340,7145,82785,18622,17664,16389,1337512,1154576,1619907,1199860,18435815,18124036,22463963,18177725,13124074,12832286,17299985,12972125,2921,2835,4130,2935,208,199,208,212,37614,27446,45085,27217,1727225,1828089,2174729,1838020,143125933,133068313,193340966,143579897,196749328,193136475,247060006,197604878,1423,1467,1510,1469,43707057,39256633,104788337,43744608,120392,114876,140685,116523,164813,113285,138553,114011
138674300,130688672,185980763,137738538,16014,15304,18169,15960,12656611,12172288,16946133,12654528,18047,17945,20005,11547,1138702,1185825,1594701,1209168,3436062,3352662,8369908,3445020,195624,181522,215931,171609,330572,327337,684594,346044,1569,1614,1783,1365,8958,9630,7311,7309,82310,18182,17578,16370,1177254,1233034,1602154,1197792,18275483,18379041,22511567,18351087,13037302,12575419,17028213,12898992,2936,2832,4129,2940,208,199,212,208,37626,27452,45643,27669,1862847,1719169,2053569,1807332,143851861,132828588,192049045,143594150,198479151,195223773,247525942,196824418,1431,1434,1540,1459,44269298,39516445,105993273,44633373,120456,114347,140495,116834,164682,113872,138859,113941
139612511,129046078,184761894,137036408,16226,15626,18219,15848,12583657,12132643,17158815,12489687,18208,17796,20072,11439,1242732,1279484,1582614,1207602,3426710,3327046,8545832,3428236,204083,179511,217914,171332,323262,327540,678970,339458,1587,1646,1772,1343,9149,9590,7401,7183,82184,18815,17629,16395,1181119,1299568,1567960,1368537,18315847,18314463,22636403,18319198,13061338,12425655,17245573,12985491,2927,2828,4136,2950,209,199,208,211,37622,27277,45045,27202,1777861,1791217,2054937,1735606,143487116,135040681,192866229,144173490,197890640,193761647,247254613,197747782,1425,1426,1562,1416,43614622,39431490,105307900,43562114,120626,114626,141436,116828,166733,124164,138645,113598
137492359,128873008,184507927,138904711,16315,15378,18250,15899,12373757,11989914,17037800,12296430,18214,17998,20120,11490,1182441,1439314,1587500,1216572,3628666,3324741,8699698,3423207,200951,179830,216949,171681,318564,328947,727300,337641,1683,1665,1610,1341,9127,9684,7364,7197,81983,18923,17703,16285,1225823,1185380,1555048,1260001,18285213,18245251,22457631,17982601,13124851,12616598,17823377,13437595,2918,2827,4110,2928,208,199,208,208,37611,27398,45442,27287,1744880,1783161,2058264,1866056,143175882,136088775,193136460,143610518,197483521,192759903,245276969,197685689,1472,1482,1488,1453,44413087,39731279,104597218,43692073,120371,114256,141455,116529,164554,120391,141233,115492
136910642,131896469,185082331,138277356,16060,15378,18290,16021,12504978,12663916,16847631,12471965,18322,17876,20190,11439,1145595,1234541,1714829,1165808,3451458,3508527,8487773,3429316,203769,180983,206307,170822,334293,329434,686558,322490,1650,1706,1784,1363,9737,10215,7715,7489,83580,19282,17748,16570,1213484,1338801,1649895,1314228,18310271,18582835,22482710,18381816,13152957,12526377,17626537,13084644,2920,2831,4145,2934,210,199,212,207,37635,27372,45517,27489,1752082,1868608,2179698,1860876,142735945,134851049,193263253,143453103,198372003,195237707,245431269,197092038,1508,1411,1482,1455,44394889,39535852,107177244,43717330,120779,122374,142056,117717,164283,121731,140593,113489
138767083,127653068,184847913,137632924,16388,15352,18162,15986,12407985,12452346,16709656,12591500,18009,17679,20071,11518,1166419,1115318,1553601,1160649,3480149,3539114,8404483,3520254,203237,180452,206971,196781,319434,329290,681633,313076,1705,1609,1758,1343,9448,9753,7408,7172,82971,18684,17662,16502,1174697,1184339,1667787,1178814,18133843,18856135,22506685,18344411,13283210,12699890,17199888,13042311,2914,2822,4138,2969,211,201,210,207,37619,27538,45486,27314,1727148,1808280,2204790,1850245,143221076,135047214,193260827,143201810,198694635,192181493,245641138,198502924,1421,1431,1557,1518,43785032,39304692,105533396,44536862,120740,125263,154004,117175,164431,123306,140676,113584
136782409,130102808,185155195,138206246,16056,15309,18174,15804,12603251,12038978,17081664,12516392,17961,17638,20386,11516,1133126,1144302,1626908,1139094,3465559,3305349,8406874,3489590,196808,184128,206487,206049,317369,329575,680184,322663,1630,1712,1681,1340,9427,9925,7416,7105,82723,18984,17727,16526,1208821,1189415,1571357,1187738,18220093,18332050,22548239,18196147,12987736,12573841,17282870,12944142,2918,2823,4126,2950,207,202,219,206,37632,27512,44934,27604,1823796,1814029,2137363,1778657,143456620,135325314,193618323,144513779,197642107,193948198,245820767,198173307,1454,1445,1532,1449,45116499,40458936,106365314,43814204,123224,125556,152759,116413,163581,123621,140877,114881
138062659,131339679,186221798,138666385,16281,15308,18319,15947,12749854,12456820,16953938,12462492,18202,17689,20248,11453,1291577,1230105,1502769,1198749,3467326,3315305,8406877,3459186,177364,172634,206343,207914,317253,328656,697880,320392,1605,1736,1712,1383,9005,9586,7375,7107,82926,18885,17639,16383,1186920,1198651,1529174,1300291,18178807,18167907,22459877,18213753,12823652,12408663,17232881,13231145,2912,2826,4124,2958,208,203,208,206,37620,27507,48282,27314,1794064,1723218,2139083,1841941,143041000,133056063,190810080,143597900,197439876,191869493,248005856,198513392,1463,1403,1535,1477,44927865,39841159,104176595,44201032,120177,125442,153641,117710,164275,123566,140900,114508
138385521,129652187,185206275,137907465,16313,15240,18285,15869,12289974,12206899,16729549,12440782,18129,18107,20373,11475,1286558,1128261,1502825,1156327,3423196,3320710,8554337,3458490,173135,173226,210600,206611,318327,328224,686020,314533,1594,1682,1697,1347,9254,9372,7367,7125,82406,18519,17609,16532,1200248,1159630,1558923,1184512,18295418,18407183,22542878,18235899,12879257,12780230,17286942,13247089,2924,2832,4122,2937,208,202,211,207,37608,27690,47173,29322,1733780,1822363,2143237,1744021,143578718,133840559,193284074,142838994,197939753,193666462,245987228,198130020,1380,1466,1503,1447,44681489,39924578,104761569,45116639,119701,126275,153594,115666,164998,125280,141183,114383
137458068,129154409,184704948,139002011,16216,15357,18138,16004,12415838,12610133,17394597,12696056,18041,17963,20379,12716,1262733,1147918,1599084,1207213,3430475,3307997,8605451,3686494,173492,172577,210875,209392,331035,326803,675087,312249,1647,1598,1747,1354,9627,9871,7364,7122,82598,18404,17597,16337,1332666,1217115,1572959,1189506,18290398,18409098,22638732,18163420,13293508,12491221,17183561,13031382,2948,2831,4126,2962,209,202,209,206,37610,27546,46520,27622,1715894,1768637,2089555,1838562,142714579,134131927,192765599,144255683,198201558,192009483,247695415,197774141,1432,1412,1534,1417,45609099,39812856,105358954,47142097,119177,126321,153141,116597,163785,123574,139978,114124
137712721,130205652,185108256,138273377,16086,15306,18224,15942,12583411,12314239,16880118,12828315,18127,17935,20092,11493,1198281,1165699,1543754,1218935,3505533,3318836,8572129,3448219,173432,173221,211537,178147,319847,311877,682389,317060,1604,1667,1679,1337,9350,9831,7399,7177,82527,18832,17640,16338,1213562,1236330,1697237,1242680,18330520,18758812,22617282,18262313,13194598,12878263,17506662,13143092,2918,2831,6551,2946,210,203,209,206,37623,27679,46632,27753,1717850,1862396,2184512,1845809,142936545,133930727,192165023,143719444,196998377,191172243,247120265,197883348,1417,1419,1471,1471,44175885,39749336,106891574,43598767,118783,127466,152724,116610,164023,120696,146762,114345
137783473,129558714,186806710,137755810,16102,15459,18060,15787,12695098,12667332,16899790,12387897,18209,17835,20284,11480,1145631,1268582,1545908,1212106,3465372,3308801,9064925,3431426,172507,171985,204211,172850,315795,311913,673362,314669,1603,1720,1774,1365,9531,9772,7412,7170,92630,18726,17750,16457,1235865,1257945,1552048,1269673,18062319,18667897,22388479,18356515,13429247,12405729,17452137,12936538,2940,2831,4137,2941,209,201,209,207,37626,27437,46459,27655,1843595,1849084,2108574,1816308,147471628,133716221,191814724,144142870,197358926,193770681,246738076,197799949,1435,1421,1541,1453,43480887,39238601,104752222,44093252,118837,127049,163503,116517,164289,118520,152578,117699
138420378,129501815,186194904,137123413,16235,15308,18337,15913,12572276,12390251,17071587,12777646,18282,17901,19953,11505,1142309,1220766,1560973,1168907,3444174,3318673,8390482,3455464,180873,181859,203884,172554,314429,312992,680500,315376,1636,1703,1678,1342,9470,9681,7367,7116,84763,17934,17673,16531,1264012,1181858,1579344,1185129,18534764,18697181,22571150,18459423,12881083,12568112,17220135,13162329,2947,2832,4146,2952,207,202,209,206,37618,27674,46591,27742,1744717,1720035,2232499,1826040,142779426,134675741,190974863,146673290,198070707,193595499,247197060,198023062,1469,1441,1477,1441,44274180,39600031,104645174,44409458,118700,123092,189119,116402,164334,118677,150160,128439
138781564,129903631,185099040,137996320,16113,15393,18230,15844,12456298,11941628,16756128,12252508,18212,17991,20275,11527,1219775,1169174,1557238,1197461,3572598,3344088,8442846,3558334,197984,200701,204984,172294,313863,311414,680556,314992,1609,1640,1687,1341,9413,9831,7392,7174,84388,18072,17855,16393,1295912,1170515,1551150,1219007,18436117,18528769,22532898,18172485,13290141,12571646,17238674,13163523,2923,2828,4148,2928,207,202,209,207,37604,27280,46762,27447,1710991,1902189,2063925,1860770,142930460,136224845,192270368,143119465,196656807,194705505,246919787,197071393,1413,1473,1510,1462,44485062,40005163,105737200,44072196,119009,118316,187448,116775,164167,119225,145098,127989
137359968,128998759,185731271,137604352,16170,15300,18228,15978,12816014,12446069,17515184,12779470,18232,17857,19992,11544,1156518,1236134,1566243,1137830,3431730,3313419,8529952,3478357,198739,200054,201555,171491,315628,311322,680822,312455,1745,1695,1731,1337,9722,9693,7388,7101,84230,19245,17614,16493,1303075,1167858,1639053,1253703,18362435,18641461,22404322,18234541,12925012,13039760,17507238,13208634,2918,2823,4127,2944,208,202,209,206,37613,27613,46876,27729,1715091,1738150,2131926,1728198,143423666,134572394,191359566,143758139,196342482,192912660,247444013,197843272,1433,1454,1512,1424,43765401,39518139,105102080,44184363,118873,118955,186329,116434,165835,118527,144550,128327
139889867,129823462,184915593,137728903,15965,15248,18266,15755,12403427,12128696,17106441,12544579,18100,17774,20338,11450,1146509,1126431,1497315,1149244,3460125,3441488,8466380,3428089,198877,199464,200835,176766,314820,312213,680833,312229,1622,1638,1721,1339,9536,9464,7370,7165,84130,18501,17667,16439,1181089,1193476,1588331,1252560,18451841,18438293,22679110,18202498,12813519,12646553,17096854,13434590,2921,2820,4116,2947,207,202,208,206,37626,27434,46917,27435,1717383,1739009,2134451,1769177,144347918,134601382,192176341,142156520,197493305,192135987,246925236,197931193,1452,1475,1452,1466,44734001,39766419,105122119,43871719,119981,118312,183792,119039,164315,120334,145696,128019
137271320,129771698,189170186,137676190,16138,15514,18092,16012,12957658,12591575,16878371,12548139,18262,17836,20070,11432,1239600,1194748,1558138,1291911,3433659,3316284,8408834,3445647,196352,199825,201799,194537,318319,313365,680131,315053,1636,1689,1829,1352,9505,9712,7415,7202,83991,18584,17646,16366,1188042,1197613,1553120,1326027,18434836,18423978,22703583,18149248,13049596,13128557,17152074,13192803,2914,2825,4144,2950,208,202,209,207,37627,27764,46948,27794,1867224,1836312,2047481,1922902,142767568,132703725,192058409,143598723,197924144,192972777,247481740,197493270,1409,1442,1523,1472,44488323,39702421,106452931,43986285,117189,118571,177416,124889,164756,119321,144961,128208
137548874,129673751,184033117,139216511,16136,15442,18348,16025,12298461,11953031,16974115,12302756,18060,17761,20231,11456,1192742,1279244,1684086,1174433,3608338,3301382,8636649,3832964,197105,203456,204516,194527,316099,313671,680795,314874,1648,1677,1733,1343,9395,9942,7360,7159,85109,18371,17639,16346,1191636,1161465,1551293,1201177,18530926,18129595,22523583,18427317,12780882,12884439,17095789,12912216,2916,2826,4118,2962,208,202,210,207,38958,27404,46846,28835,1770723,1823825,2059078,1762756,143317074,133324770,193147362,143116040,197209340,192247740,246345136,200043478,1427,1454,1498,1474,43686364,39321091,105210467,44246704,117150,117897,163343,126113,164098,118733,150613,127950
136460798,128883336,186115740,138823525,16235,15254,18264,15994,12942248,12413165,17083536,12463348,18262,17852,20021,11456,1221165,1123141,1500295,1210296,3427672,3313017,8445937,3593777,174323,197506,201324,194995,316220,312729,680405,311641,1573,1658,1716,2604,9411,9575,7348,7163,84585,18834,17717,16371,1183269,1281242,1709975,1224870,18356526,18889000,22662480,18528719,13203936,12591946,17266295,12974355,2915,2861,4133,2981,208,203,209,207,37601,27832,46939,27447,1708669,1937671,2124719,1821755,144261016,133391492,191784330,144497010,197921020,192427943,247161240,198656230,1456,1427,1558,1446,44680416,39879925,106849028,44849282,116751,118255,142547,126068,164317,121753,156622,128046
138824302,129123983,184281250,137488515,16070,15444,18081,15998,12653141,12142820,17219819,12964583,18121,17893,19954,11512,1159896,1208617,1514883,1174373,3432791,3330685,8521224,3463231,173293,195541,197488,196566,319142,312473,682659,315316,1650,1658,1706,1344,9310,9782,7425,7266,84010,17961,17715,16354,1296874,1289005,1570757,1259842,18590203,18563600,22568677,18345261,12970532,12611428,17211217,12781037,2918,2831,4129,2950,207,201,209,207,37618,27314,46942,27684,1763040,1733957,2070295,1750603,143750306,132970998,191716079,142933566,198674831,192814906,246308083,198402356,1461,1451,1494,1406,43961397,39945922,103484389,44241901,116766,118580,142928,126104,163198,120789,155838,127984
136698052,128345317,187772740,137790120,16315,15300,18264,15945,12328564,12340227,16683718,12968817,18346,17900,20210,11476,1153885,1179855,1552921,1268818,3440175,3393684,8623594,3703361,170932,198542,197672,197111,306196,311619,680304,317951,1634,1674,1763,1365,9455,9353,7391,7138,84660,20120,17682,16366,1190302,1239738,1627130,1415146,18235812,18382967,22305194,18622116,12610760,12616700,17615504,12694567,2918,2831,4141,2933,207,202,209,206,37628,27371,46749,27572,1739188,1738526,2113435,1804958,143318321,133342781,192146845,142817428,196556732,192351659,246020076,198030852,1392,1431,1524,1483,44369111,40113713,105886288,43786156,116784,121201,142944,127220,163812,120149,156852,122697
137251781,129025335,185661744,136967606,16262,15471,18052,15779,12916560,12459922,16834461,12479417,18349,17822,20124,11497,1172718,1125628,1538012,1315715,3472333,3525135,8543943,3425441,173216,194860,197526,194632,298050,311004,680171,317212,1616,1661,1737,1357,9354,9591,7405,7186,84279,18200,17621,16432,1257866,1198068,1583368,1241345,18077160,18477424,22683432,18242172,12750112,12838448,17061405,13044952,2924,2832,4135,2956,208,202,208,206,37624,27454,46744,27765,1722224,1916684,2219863,1796657,143923736,134273191,190994385,144500615,198592254,194042593,246705110,196910426,1466,1464,1508,1436,44039174,39199157,105150064,43691815,116311,122515,142497,125994,217194,122636,157325,123458
138099887,128623232,184725269,138077639,16625,15332,18307,16009,12766224,12068637,17094140,12360688,18187,17964,117189,11494,1144843,1224763,1480168,1249750,3637829,3371981,8530371,3453843,172247,195714,197757,195471,298706,312403,684182,314902,1665,1704,1730,1365,9148,9933,7373,7349,84387,18575,17743,16351,1421250,1160831,1546323,1259144,18484927,18241181,22562154,18270868,13065565,12906674,17590996,13299714,2920,2834,4131,2930,208,202,209,206,37606,27349,46788,27388,1752765,1808954,2064703,1806926,142559209,134206572,194058707,143681254,199117202,194053596,246179103,198608462,1460,1476,1471,1464,44637216,40292530,105359858,44243080,117541,117157,142764,124638,120473,121008,157833,122963
138321030,130541770,184880469,137520707,16274,15453,18075,16001,12571452,12400692,16870483,13160898,18455,17830,13915,11456,1209339,1130107,1496982,1147849,3431589,3335782,8432392,3426719,175556,198145,202309,195468,298010,311710,669533,315730,1612,1610,1781,1344,9191,9633,7462,7184,93990,18612,17746,16413,1196460,1230850,1638255,1325988,18214830,18227891,22210176,18241113,13051989,12902222,17022382,12826252,2925,2830,4139,2948,208,202,210,205,37608,27367,46697,27495,1734194,1830963,2228950,1832361,142829234,134397336,191503801,144366055,198214565,193632718,247930880,198018980,1460,1443,1509,1468,44503901,40673281,106053711,44584345,120183,116640,146368,126157,113819,123349,155278,123080
137168132,129335303,184486836,137456086,16350,15430,18268,15920,12709126,12513625,17141415,12540521,18340,17868,13332,11433,1155230,1211626,1567515,1172430,3438341,3309674,8635335,3489967,173495,197606,202812,195359,303119,312242,675900,312999,1619,1747,1707,1372,9530,9856,7558,7254,84946,18456,17668,16363,1181610,1261355,1537408,1179062,18367446,18315993,22431002,17992953,12780361,12950288,17161437,13301240,2922,2824,4104,2951,207,202,209,207,37621,27415,47143,27623,1735951,1782285,2157620,1740041,143248769,134356388,190957737,143985094,197655012,194430400,247837810,198254504,1419,1413,1505,1415,45623573,39991741,104994373,44418548,116795,116226,145693,116802,114304,119513,140987,123211
137759355,130624064,185360462,138405389,16240,15361,18075,15811,12322951,12483702,17221418,12428670,18121,17860,13359,11462,1156135,1248537,1518203,1145854,3601968,3333959,8471902,3447115,182861,194199,203218,195879,305916,313771,681080,311325,1639,1770,1686,1350,9321,9897,7410,7190,85076,18870,17677,16393,1184338,1304098,1564936,1234512,17996955,18513596,22502844,18131260,13414719,12928400,17443023,13085051,2916,2820,4121,2950,207,202,209,206,37627,27452,47252,27378,1720414,1847250,2124655,1832118,143534821,133234653,193947046,143209012,198862855,193732818,246407887,198354871,1429,1429,1478,1464,44588549,39729136,105892478,44086568,117136,117153,145932,116886,114017,122414,140212,122898
137637666,129995069,185224611,138646980,16266,15339,18283,16007,12344594,12452506,17095028,12811381,18258,17931,13151,11529,1158428,1123440,1594529,1161137,3467324,3308946,8565182,3437376,189708,192273,203532,175136,301720,310729,677014,320171,1645,1635,1690,1350,9657,9831,7362,7165,84498,18133,17608,16508,1241175,1207827,1633155,1268071,18449173,18723131,22377976,18379966,13001794,12979293,17590365,13333635,2916,2824,4119,2936,207,201,209,206,37616,27441,46940,27481,1797796,1722911,2153216,1780693,144237996,134457627,191125111,144545842,199836406,193445776,246657069,197141551,1436,1393,1471,1427,44909519,39181185,104038114,45522995,117187,116339,145906,116254,112676,119465,139365,122785
137861829,128810522,184918118,137939717,16122,15344,18090,15968,12914850,12158154,17184794,12376429,18212,17816,13081,11496,1141866,1148144,1566917,1137011,3449239,3324761,8380546,3431104,195738,195896,203171,172585,305887,310590,673182,313117,1573,1681,1729,1348,9235,9644,7413,7167,84626,18796,17698,16356,1180789,1215377,1541493,1185677,18583031,18306307,22707628,18155180,12859463,13223658,17358736,13070345,2911,2842,4140,2936,206,201,209,206,37606,27428,47058,27655,1707480,1858554,2160105,1782127,143063640,133480201,191462557,144386619,199032630,194956381,246843553,197972394,1449,1491,1512,1427,43483081,39587602,105527178,45412607,116669,116660,145813,116383,113710,113136,139973,130544
138608977,129052112,184598489,137651792,16053,15322,18271,15955,12796014,12462066,17106291,12580503,18293,17754,13037,11513,1153831,1220042,1609300,1188834,3440756,3314842,8468867,3471316,208431,178029,201117,172503,305817,321719,677016,314868,1633,1715,1711,1367,9527,9742,7343,7186,83754,18631,17598,16439,1223141,1253124,1583310,1183499,18071826,18850659,22518815,18301295,12876601,12849126,17015685,13113877,2917,2833,4155,2940,207,201,209,207,37611,27305,50345,27484,1733274,1711898,2062143,1810613,142106738,133469949,190434906,143464062,197842636,192612608,245488798,196202013,1448,1388,1489,1502,43606544,39743813,104849976,44469502,117004,116041,146075,116577,118989,112792,141264,124238
139274790,128709175,185617813,138581343,16162,15432,18092,15905,12231935,12376107,16762196,12383160,18247,17830,12979,11499,1153935,1267495,1495953,1176499,3434261,3298439,8693935,3448002,232108,178578,197548,171547,299595,325523,685095,314447,1562,1693,1772,1374,9184,9767,7429,7166,83918,18840,17675,16489,1440632,1207755,1573292,1184201,18660027,18251690,22565379,18472208,12978917,12807819,17214389,13359588,2917,2827,4131,2960,207,201,210,207,37623,27453,46727,27615,1784195,1820619,2061655,1815520,144121251,133673141,192330634,144260989,197974433,193843467,244417516,196601507,1436,1395,1450,1437,44183695,39652754,105655020,44996970,117211,118188,144929,116858,122826,113569,139683,129826
137920240,129620929,184465934,137333053,16381,15493,18247,15911,12720725,12397831,17154717,13113318,18083,17774,12983,11557,1236593,1254600,1581988,1175445,3432664,3637051,8597055,3433901,233474,178642,196382,172158,303566,320834,674904,312098,1604,1645,1664,1615,9306,9626,7415,7160,83780,19176,17695,16460,1271810,1266175,1569850,1212949,18881593,18650063,22359838,18613856,12812268,12679887,17315332,12935165,2918,2831,4099,2944,206,202,209,217,37624,27332,46304,27727,1794998,1964008,2059830,1824398,143470074,133733129,193539203,143353781,202909335,194513819,246208496,196785147,1427,1470,1494,1404,44410687,39421776,104912582,44656660,116900,115154,146755,116768,122700,113434,142462,130332
137466163,130446906,185111506,138661644,16331,15430,18072,16003,13117743,12426596,16762458,12833520,18124,17925,12966,11538,1211942,1194961,1571971,1154194,3440469,3329353,8441073,3703548,232644,178019,196601,174389,301982,321646,676674,314758,1574,1786,1768,1344,9152,9854,7393,7086,84405,18603,17571,17662,1195101,1173987,1687370,1311864,19424514,18376431,22433987,18177636,12839412,12624387,17351365,13141401,2917,2830,4125,2963,207,202,208,207,37614,27289,46921,27453,1704953,1768038,2208830,1899439,142929606,134675230,190926871,142966541,199244958,192246446,246397602,197562877,1421,1393,1501,1503,44454622,41262918,105171505,43791666,116824,115181,142448,116451,122538,112385,143075,130962
137539926,128938443,184853310,139492741,16075,15414,18068,16068,12501786,12280159,17421922,12635723,18123,17905,12997,11494,1197346,1218049,1530217,1167261,3449713,3330888,8403793,3726702,220753,177830,196659,171556,298142,325177,724291,315151,1621,1676,1758,1343,9454,9915,7378,7163,84565,18818,17659,16493,1219947,1210654,1553252,1311991,18619065,18126870,22767370,18068955,13017635,12754555,17117236,13192299,2922,2834,4134,2939,207,201,209,205,37606,29160,47315,27435,1741779,1729687,2055981,1835291,143473216,133624752,192551697,143554092,198817148,193686037,246581188,198686932,1420,1487,1475,1469,43949770,39477533,103671805,43436599,119058,115189,142795,135227,122996,112252,142353,130719
138118181,132431524,186542746,137304154,16238,15460,18176,15977,12773831,12082601,16721202,12644442,18364,17979,12970,11584,1272983,1124373,1515425,1270543,3542135,3307516,8409711,3571507,229403,179516,199976,170316,301485,320770,700406,338174,1607,1645,1732,1345,9442,9629,7377,7180,84313,18744,17620,16419,1217546,1163644,1567221,1213243,18542182,18713002,22687175,18305431,13084412,12415223,17589299,13315624,2926,2832,4121,2938,207,201,209,205,37614,27451,46960,27661,1913229,1853630,2053621,1791587,143297749,133923724,191914116,142890671,198305712,192506147,245828480,197442454,1413,1429,1535,1507,44323564,39560961,104502183,44034430,116847,115364,142689,142763,123038,112481,143452,129389
136989788,129093519,184837888,136713124,16034,15595,18105,16035,13397592,12115018,16680828,12330136,18290,18057,12896,11459,1244707,1199879,1561474,1251348,3440223,3314724,8467623,3568905,225719,177362,199269,170114,306490,315286,676222,370917,1628,1703,1731,1355,9812,9724,7349,7111,43336,18485,17531,16383,1189731,1170455,1657404,1296820,18107755,18471649,22461646,18280247,12803215,12938250,17298807,13416968,2924,2828,4121,2941,207,201,209,206,37625,27407,47066,27391,1842117,1903158,2154047,1800148,143422985,135195736,192625153,143625901,197986203,194316528,245845809,197131422,1457,1432,1483,1453,44399070,40727102,105229630,43834209,117460,114626,142691,142247,123012,112727,143275,129831
138366233,129861227,187747304,138258793,16079,15349,18210,15896,12627733,12348686,17218218,12332322,18342,17900,12876,11529,1275364,1179766,1485180,1288668,3433193,3308412,8693501,3461615,212428,177363,198281,170918,303668,312628,681649,342091,1643,1663,1678,1340,9668,9750,7328,7197,16829,19005,17563,16473,1203897,1189104,1584662,1279707,18350794,18878339,22234595,18077692,12926761,13028544,17418344,13168821,2922,2826,4132,2930,207,201,210,205,37623,27583,46906,27784,1822014,1780130,2175121,1765087,143505136,133874121,191903464,144212254,198872636,193825504,246971121,197062568,1437,1438,1554,1471,43827923,39972324,106189750,44345149,117369,114595,142399,142440,123718,114864,143498,128258
137659552,129880296,186464775,136725163,16245,15437,18140,15925,12518555,12101335,17164599,12948429,18352,18062,12877,11481,1218918,1122395,1535104,1340969,3452060,3325964,8366301,3461848,212979,177337,198795,171140,307576,313520,681346,312481,1599,1719,1704,1352,9548,9329,7304,7141,16819,18595,17537,16479,1260673,1159541,1595451,1357505,18801425,18401125,22652178,18264276,13059519,12590634,17225772,13174086,2918,2823,4151,2962,207,202,210,207,37612,27483,46868,27488,1837265,1731263,2184538,1865662,142972094,134970759,191981646,144557872,198692723,193317489,247125720,196715079,1416,1445,1551,1424,44191759,39666122,105106391,43713929,117003,115293,142701,143111,125118,112636,142585,121155
137294400,129921563,185568778,137507442,17854,15446,25565,15846,12668382,12516223,16990080,12480326,18151,17879,12863,11532,1214896,1178776,1496283,1185361,3463298,3331656,8773453,3553211,204826,176570,199481,173168,304548,311771,680902,312707,1690,1628,1682,1340,9645,9822,7526,7195,16926,18047,17717,16530,1264392,1166256,1598184,1279216,18607756,18310275,22568983,18266856,12843992,12451346,17544493,13063538,2913,2820,4114,2972,207,201,209,206,37604,27479,46852,27874,1762815,1754885,2220354,1855144,143853983,134573368,192866047,143510861,197283782,193893072,246452560,204829413,1484,1435,1503,1393,45267100,39201335,104377427,43723938,117239,116248,146050,143497,116724,113104,144081,123274
136892980,129723015,187944713,138079497,16331,15373,18216,15862,12584075,12158116,16721701,12632044,18162,17904,12867,11491,1255924,1290333,1487439,1147785,3443451,3309636,8930893,3447848,180562,176859,200652,170361,311573,312994,681044,313419,1648,1642,1670,1346,9381,10005,7437,7181,18611,18551,17643,16366,1217594,1307188,1569953,1238399,19378533,18521161,22627242,18600023,12908433,12993401,17062585,13320123,2916,2823,4110,2941,207,201,209,206,37617,27343,46828,27436,1703454,1762503,2084794,1824832,144587877,134104430,191735186,143107111,196704017,192031143,246502568,197667619,1404,1401,1490,1542,43901015,39642712,104538229,44186044,116876,114627,152627,142145,114408,112982,148069,122290
